accession,tax_id,organism_name
GCF_000146045.2,559292,Saccharomyces cerevisiae S288C
GCF_000002985.6,6239,Caenorhabditis elegans
GCF_000001735.4,3702,Arabidopsis thaliana
GCF_000001405.40,9606,Homo sapiens
GCF_000001635.27,10090,Mus musculus
GCF_000001215.4,7227,Drosophila melanogaster
GCF_000002035.6,7955,Danio rerio
GCF_003013715.1,498019,[Candida] auris
GCF_003054445.1,4909,Pichia kudriavzevii
GCF_000026945.1,573826,Candida dubliniensis CD36
GCF_000090985.2,296587,Micromonas commoda
GCF_947243775.1,226230,Saccharomyces kudriavzevii IFO 1802
GCF_947241705.1,226126,Saccharomyces mikatae IFO 1815
GCF_001640025.1,796027,Sugiyamaella lignohabitans
GCA_029542845.1,180528,Malassezia nana
GCA_029542905.1,1514897,Malassezia arunalokei
GCA_029542785.1,223818,Malassezia japonica
GCF_029542925.1,2020962,Malassezia vespertilionis
GCA_029449355.1,2070801,Emydomyces testavorans
GCF_027921745.1,2545709,Schizosaccharomyces osmophilus
GCF_001548555.1,45286,Eremothecium sinecaudum
GCF_014133895.1,48254,Torulaspora globosa
GCF_005498985.1,280036,Sporisorium graminicola
GCA_021950295.1,2834323,Epichloe scottii
GCF_011074865.1,13502,Brettanomyces nanus
GCA_026585945.1,2093215,[Candida] vulturna (nom. inval.)
GCA_020342235.1,2826930,Saccharomycopsis phalluae
GCA_029542985.1,1821822,Malassezia brasiliensis
GCA_029542945.1,76774,Malassezia obtusa
GCA_029542805.1,948313,Malassezia cuniculi
GCA_029542765.1,1821823,Malassezia psittaci
GCA_029542965.1,253288,Malassezia yamatoensis
GCA_029542885.1,1381934,Malassezia caprae
GCF_000002765.6,36329,Plasmodium falciparum 3D7
GCF_030704535.1,29760,Vitis vinifera
GCF_013085055.1,660027,Fusarium oxysporum Fo47
GCF_022201045.2,2711,Citrus sinensis
GCF_019923935.1,89462,Bubalus bubalis
GCF_000143535.2,332648,Botrytis cinerea B05.10
GCF_016906535.1,456999,Rhizoctonia solani
GCF_001417885.1,1003335,Kluyveromyces marxianus DMKU3-1042
GCA_019925255.1,151069,Litchi chinensis
GCF_000002725.2,347515,Leishmania major strain Friedlin
GCF_002022765.2,6565,Crassostrea virginica
GCF_900002385.2,5861,Plasmodium yoelii
GCA_025917655.1,3076,Chlorella sorokiniana
GCF_000002515.2,28985,Kluyveromyces lactis
GCF_009556855.1,37727,Talaromyces marneffei
GCF_023724105.1,101364,Carassius gibelio
GCF_000091205.1,280699,Cyanidioschyzon merolae strain 10D
GCA_947243795.1,230603,Saccharomyces uvarum
GCF_000687475.1,1159556,Ustilaginoidea virens
GCA_030272155.1,3088,Tetradesmus obliquus
GCF_026914185.1,208348,Puccinia triticina
GCA_018223645.1,660624,Jasminum sambac
GCA_001571465.2,128442,Talaromyces pinophilus
GCA_026958235.1,29856,Clonostachys rosea
GCF_016861625.1,1069201,Aspergillus luchuensis
GCF_000226095.1,573729,Thermothelomyces thermophilus ATCC 42464
GCF_011074885.1,5007,Brettanomyces bruxellensis
GCA_028456135.1,106567,Malus sieversii
GCA_019431265.1,4931,Saccharomyces bayanus
GCA_005317125.1,5659,Leishmania amazonensis
GCA_001010845.1,49012,Sporisorium scitamineum
GCF_024364675.1,116153,Aethina tumida
GCA_001936155.1,4944,Saccharomycopsis fibuligera
GCF_003290485.1,76775,Malassezia restricta
GCA_014334815.1,97480,Pyrenophora teres f. maculata
GCA_025948275.1,40199,Fusarium avenaceum
GCA_003999685.1,2696576,Taiwanofungus camphoratus
GCA_022641835.1,36022,Cyberlindnera fabianii
GCA_004299825.1,438356,Cercospora sojina
GCA_008728235.1,688394,Lichtheimia ramosa
GCA_003814445.1,877507,Epichloe festucae Fl1
GCF_022458985.1,48193,Mugil cephalus
GCA_022457165.1,91218,Juglans mandshurica
GCA_025258505.1,282267,Fusarium asiaticum
GCA_028476895.1,93132,Tetranychus truncatus
GCA_025854295.1,64660,Lyophyllum decastes
GCF_016861735.1,182096,Aspergillus chevalieri
GCA_002952155.1,48100,Alternaria solani
GCA_020912385.1,310453,Neofusicoccum parvum
GCF_004011695.2,5454,Ascochyta rabiei
GCA_025617385.1,159030,Murraya koenigii
GCA_903995115.1,59799,Angomonas deanei
GCA_008274985.1,41058,Aspergillus sojae
GCF_000091025.4,284811,Eremothecium gossypii ATCC 10895
GCF_000740895.1,869250,Theileria orientalis strain Shintoku
GCA_029959215.1,51221,Tricholoma bakamatsutake
GCA_020809705.1,182845,Calonectria ilicicola
GCA_026184415.1,47278,Trichothecium roseum
GCA_003401635.1,27327,Metschnikowia reukaufii
GCA_032464415.1,64657,Tremella fuciformis
GCA_002287475.2,2282107,Pyrrhoderma noxium
GCA_024970365.1,5670,Leishmania guyanensis
GCA_023205875.1,1764295,Chloropicon primus
GCA_019677325.2,5321,Pleurotus cornucopiae
GCF_020509005.1,5499,Fulvia fulva
GCA_024072835.1,42805,Epichloe amarillans
GCF_000092065.1,436017,Ostreococcus lucimarinus CCE9901
GCF_023278565.1,145971,Colletotrichum lupini
GCA_013177335.1,252803,Apiotrichum mycotoxinovorans
GCA_023658445.1,79588,Epichloe bromicola
GCA_023101225.1,2747967,Fusarium solani-melongenae
GCF_016861865.1,1220207,Aspergillus puulaauensis
GCF_026873545.1,195108,Fusarium falciforme
GCA_030168465.1,54551,Pichia terricola
GCA_004014935.1,44092,Saccharomycopsis malanga
GCF_022605165.1,2060973,Purpureocillium takamizusanense
GCA_004217705.1,2163413,Metschnikowia aff. pulcherrima
GCA_007735645.1,50376,Venturia effusa
GCA_009938135.1,55194,Malassezia furfur
GCA_001984395.2,1365886,Zygosaccharomyces parabailii
GCA_900080155.1,307758,Ustilago bromivora
GCA_016952355.1,5516,Fusarium culmorum
GCF_000226115.1,578455,Thermothielavioides terrestris NRRL 8126
GCA_023658475.1,55200,Epichloe elymi
GCA_029678045.1,1095183,Magnusiomyces capitatus
GCA_030389615.1,1181997,Epichloe typhina subsp. poae
GCA_023701655.1,2918886,Ovis ammon polii x Ovis aries
GCA_032355295.1,282269,Fusarium meridionale
GCA_019565615.1,1491479,Trichoderma simmonsii
GCF_013368755.1,121627,Talaromyces rugulosus
GCA_025177825.1,326768,Aechmea fasciata
GCA_023920165.1,95742,Curvularia clavata
GCA_001592805.2,286661,Peltaster fructicola
GCA_015708445.2,648681,Clitopilus hobsonii
GCA_004299765.1,28572,Talaromyces funiculosus
GCF_900681995.1,54757,Plasmodium vinckei vinckei
GCA_019453435.1,1263952,Rhinogobius similis
GCF_013402915.1,42260,Zygotorulaspora mrakii
GCA_017301755.1,38082,Pneumocystis wakefieldiae
GCA_023650705.1,79589,Epichloe brachyelytri
GCA_023658535.1,79591,Epichloe glyceriae
GCA_023658505.1,447254,Epichloe gansuensis
GCA_031232105.1,462292,Capsicum rhomboideum
GCA_024584535.1,1543685,Colletotrichum gigasporum
GCA_029489945.1,2022760,Nigrospora osmanthi
GCA_020045945.2,1491008,Trichoderma semiorbis
GCA_029635245.1,1254446,Nannizziopsis arthrosporioides
GCA_023650635.1,47801,Epichloe baconii
GCA_023273805.1,271129,Exobasidium cylindrosporum
GCA_026210745.1,63378,Exobasidium rhododendri
GCA_015678955.1,2029752,Chrysoporthe puriensis
GCA_917563905.1,78403,Neonectria neomacrospora
GCA_017354895.1,48703,Podospora comata
GCA_016413765.1,1287682,Aspergillus felis
GCA_020906515.1,143232,Vanrija pseudolonga
GCA_022965775.1,2929575,Cercospora sp. J1 LZ-2022
GCA_021117315.1,1276217,Immersiporthe knoxdaviesiana
GCA_946409495.1,44072,Blastobotrys aristatus
GCA_016906575.1,170446,Ceratobasidium sp. AG-Ba
GCA_030864445.1,279322,Cutaneotrichosporon cavernicola
GCA_030864385.1,3040995,Cutaneotrichosporon sp. HIS471
GCA_003955835.1,91925,Exophiala lecanii-corni
GCA_024114885.1,215465,Septoria linicola
GCA_917563935.1,5697,Trypanosoma evansi
GCA_003856775.1,717741,Hyphopichia pseudoburtonii
GCA_024752435.1,1484957,Allantophomopsis cytisporea
GCA_024752465.1,334518,Allantophomopsis lycopodina
GCA_016767195.1,2802321,Stagonosporopsis rhizophila
GCA_000412225.2,566037,[Ashbya] aceris (nom. inval.)
GCA_030370665.1,211097,Hanseniaspora meyeri
GCA_031851675.1,5493,[Candida] zeylanoides
GCA_029542865.1,1381935,Malassezia equina
GCA_030078075.1,3034688,Crithidia sp. LVH-60A
GCA_026636295.1,2885156,Trebouxiophyceae sp. M-hakoo 311
GCA_946403475.1,1143185,Torulaspora quercuum
GCA_029542825.1,3031751,Malassezia sp. CBS 17886
GCA_013694445.1,2792677,Torulaspora sp. CBS 2947
GCA_031892065.1,2138604,Cryptosporidium sp. 43IA8
GCA_014826065.1,249478,Anthracocystis panici-leucophaei
GCA_029952725.1,392538,Salmacisia buchloeana
GCA_900290405.1,1987369,Saccharomyces jurei
GCF_000002545.3,5478,Nakaseomyces glabratus
GCF_000006445.2,284592,Debaryomyces hansenii CBS767
GCF_002079055.1,27291,Saccharomyces paradoxus
GCF_000237345.1,1064592,Naumovozyma castellii CBS 4309
GCF_000026365.1,4956,Zygosaccharomyces rouxii
GCF_000243375.1,4950,Torulaspora delbrueckii
GCA_025722995.1,1642459,Phytophthora agathidicida
GCF_000142805.1,559295,Lachancea thermotolerans CBS 6340
GCF_000304475.1,1071382,Kazachstania africana CBS 2517
GCF_000315915.1,1071380,Tetrapisispora blattae CBS 6284
GCF_000348985.1,1071383,Kazachstania naganishii CBS 8797
GCF_000227115.2,1071378,Naumovozyma dairenensis CBS 421
GCA_900535975.1,312227,[Candida] hispaniensis
GCA_031590215.1,112263,Kazachstania bulderi
GCF_000002945.1,4896,Schizosaccharomyces pombe
GCF_000182965.3,237561,Candida albicans SC5314
GCF_000091045.1,214684,Cryptococcus neoformans var. neoformans JEC21
GCF_002234675.1,8090,Oryzias latipes
GCF_000011425.1,227321,Aspergillus nidulans FGSC A4
GCF_014117465.1,332952,Aspergillus flavus NRRL3357
GCF_000002525.2,284591,Yarrowia lipolytica CLIB122
GCF_021134715.1,6669,Daphnia pulex
GCA_900231445.1,4567,Triticum turgidum subsp. durum
GCF_000227135.1,5661,Leishmania donovani
GCA_916181665.1,4498,Avena sativa
GCF_000027005.1,644223,Komagataella phaffii GS115
GCA_015110555.1,159736,Macrobrachium nipponense
GCA_011022315.1,27292,Saccharomyces pastorianus
GCA_004519485.1,145522,Nannochloropsis oceanica
GCA_947561735.1,4543,Cenchrus americanus
GCF_900079805.1,1279085,Fusarium fujikuroi IMI 58289
GCA_902687465.1,4550,Secale cereale
GCA_028142955.1,50426,Pinctada fucata
GCA_029632965.1,4922,Komagataella pastoris
GCF_917563875.1,50390,Diabrotica virgifera virgifera
GCA_030408175.1,3899,Trifolium repens
GCA_000469685.2,6289,Haemonchus contortus
GCA_905216605.1,38785,Arabidopsis arenosa
GCA_025502765.1,34274,Gossypium herbaceum
GCA_900128785.1,50452,Arabis alpina
GCA_004148225.2,51029,Heterodera glycines
GCF_000185945.1,367775,Cryptococcus gattii WM276
GCA_902850265.1,7109,Spodoptera littoralis
GCA_022644695.1,154765,Cenchrus purpureus
GCF_000208865.1,572307,Neospora caninum Liverpool
GCA_014607495.2,252295,Carposina sasakii
GCA_030553155.1,27835,Nippostrongylus brasiliensis
GCA_022674325.1,192188,Grapholita molesta
GCF_901000735.1,13451,Corylus avellana
GCF_000214015.3,70448,Ostreococcus tauri
GCF_000315875.1,1136231,Candida orthopsilosis Co 90-125
GCA_021613535.1,104782,Adineta vaga
GCA_020844145.1,52283,Sarcoptes scabiei
GCA_003576665.1,35884,Ipomoea trifida
GCF_001406875.1,28526,Solanum pennellii
GCA_026075535.2,40145,Tricholoma matsutake
GCA_002954075.1,294750,Cryptococcus gattii VGII R265
GCA_032464435.1,4491,Aegilops umbellulata
GCA_029677425.1,161112,Wolffia australiana
GCA_028411795.1,38846,Euphorbia peplus
GCF_905220565.1,113334,Melitaea cinxia
GCA_938743325.2,41880,Pycnococcus provasolii
GCA_902506015.1,47428,Armillaria ostoyae
GCF_000691945.2,1133968,Babesia microti strain RI
GCF_000091225.2,284813,Encephalitozoon cuniculi GB-M1
GCA_030445155.1,103481,Quercus variabilis
GCA_025503065.1,47622,Gossypium bickii
GCF_900007375.1,56646,Fusarium venenatum
GCF_026914265.1,6604,Mya arenaria
GCF_024334085.1,7200,Lutzomyia longipalpis
GCA_003052745.1,1978547,Caenorhabditis inopinata
GCA_963070105.1,42156,Litomosoides sigmodontis
GCA_027920645.1,1611254,Caenorhabditis nigoni
GCA_021491655.1,542832,Peronospora effusa
GCA_001302255.2,5327,Trametes hirsuta
GCA_030062745.1,41070,Capitulum mitella
GCF_031168955.1,80720,Gadus macrocephalus
GCA_013387185.1,217165,Caligus rogercresseyi
GCA_032248835.1,61273,Ophiostoma piceae
GCF_000755165.1,5679,Leishmania panamensis
GCA_910594885.2,189979,Bibio marci
GCA_029203775.1,1569773,Neoneuromus ignobilis
GCA_916049575.1,76990,Ancistrocerus nigricornis
GCA_030063025.1,4500,Avena longiglumis
GCA_905163465.1,938226,Craniophora ligustri
GCA_027186245.1,79760,Coriaria nepalensis
GCF_905220415.1,72248,Colias croceus
GCA_013425905.1,141969,Oscheius tipulae
GCA_905146935.1,219539,Scaeva pyrastri
GCA_032118995.1,7602,Asterias amurensis
GCA_030273425.1,1427173,Microplitis manilae
GCA_029906385.1,121618,Neofusicoccum laricinum
GCA_939531405.1,27328,Metschnikowia zobellii
GCA_952773005.1,249532,Icerya purchasi
GCA_030062975.1,36015,Pichia kluyveri
GCA_014466975.1,44271,Leishmania chagasi
GCA_030710605.1,51811,Cordylochernes scorpioides
GCF_000146465.1,876142,Encephalitozoon intestinalis ATCC 50506
GCA_900162835.1,72559,Sporisorium reilianum f. sp. reilianum
GCA_032405125.1,34865,Capricornis sumatraensis
GCA_030664755.1,197124,Microcos paniculata
GCF_030253575.1,182163,Rhododendron vialii
GCA_914767945.1,987419,Eilema depressum
GCA_945859715.1,689061,Apamea sordens
GCA_948330725.1,29803,Sherardia arvensis
GCA_905333005.2,282391,Lycaena phlaeas
GCA_905332985.1,522848,Mimas tiliae
GCA_932526535.1,987895,Caradrina clavipalpis
GCA_932294325.1,988056,Allophyes oxyacanthae
GCA_910591435.1,987859,Acronicta aceris
GCA_914767815.1,116130,Eupsilia transversa
GCA_907269075.1,104447,Idaea aversata
GCA_907165245.1,721137,Habrosyne pyritoides
GCA_905231865.2,191398,Boloria selene
GCA_947044815.1,1666458,Apomyelois bistriatella
GCA_914767915.1,104476,Agriopis aurantiaria
GCA_914767695.1,987449,Ptilodon capucinus
GCA_944452935.1,1385029,Rhogogaster chlorosoma
GCA_947049315.1,414814,Epistrophella euchroma
GCA_910589645.1,1101063,Tinea semifulvella
GCA_961405105.1,934816,Perizoma affinitatum
GCA_912999815.1,934813,Campaea margaritaria
GCA_951509405.1,1717430,Machimus rusticus
GCA_946896805.1,53169,Scutellaria galericulata
GCA_945859725.1,104428,Drepana falcataria
GCA_945859745.1,301036,Synanthedon formicaeformis
GCA_030345155.1,884147,Vitis x doaniana
GCA_932521025.1,1559960,Oscheius onirici
GCA_918317495.1,1660703,Synanthedon vespiformis
GCA_912999735.1,129397,Aporia crataegi
GCA_949319445.1,987427,Mythimna lalbum
GCA_949699065.1,1101017,Metalampra italica
GCA_958496145.1,542982,Heliothis peltigera
GCA_918843925.1,934839,Eulithis prunata
GCA_939628115.1,7072,Tribolium freemani
GCA_947859365.1,1857967,Archips crataeganus
GCA_008044935.1,34284,Gossypium turneri
GCA_951230905.1,273447,Cheilosia variabilis
GCA_905475355.2,987902,Clostera curtula
GCA_959613365.1,249498,Balanococcus diminutus
GCA_947563765.1,2566270,Anarsia innoxiella
GCA_000469805.3,85433,Hymenolepis microstoma
GCA_947389935.1,1586972,Agrilus cyanescens
GCA_023547065.1,320322,Musa troglodytarum
GCA_943193705.1,317029,Trichoderma pseudokoningii
GCA_028216015.1,103484,Quercus dentata
GCA_947172415.1,68574,Chondrosia reniformis
GCA_958496275.1,1080930,Zele albiditarsus
GCA_949710015.1,452744,Crataerina pallida
GCF_001680005.1,208452,Plasmodium coatneyi
GCA_900106115.1,45354,[Candida] intermedia
GCA_030027945.1,639000,Phytophthora plurivora
GCA_907164805.1,2065413,Brachyptera putata
GCF_000235365.1,931890,Eremothecium cymbalariae DBVPG#7215
GCA_963422465.1,157483,Lichina pygmaea
GCA_963425845.1,92480,Sphenostylis stenocarpa
GCF_002220235.1,41875,Bathycoccus prasinos
GCA_963210315.1,630703,Rhynchopus euleeides
GCF_003576645.1,35885,Ipomoea triloba
GCA_001403695.1,5681,Leishmania peruviana
GCA_030440675.1,187939,Furcifer pardalis
GCA_921294245.1,1431903,Brassicogethes aeneus
GCA_030269945.2,941097,Trilocha varians
GCA_005610355.1,47615,Gossypioides kirkii
GCA_932521405.1,2879419,Oscheius sp. JU1382
GCA_917563865.1,224133,Phyllotreta cruciferae
GCA_932521415.1,2879420,Oscheius sp. DF5120
GCA_025506655.1,47633,Gossypium rotundifolium
GCA_013348765.1,176864,Carpinus viminea
GCA_017357885.1,61207,Monilinia vaccinii-corymbosi
GCA_001936135.1,1725355,Saccharomycopsis fibuligera x Saccharomycopsis cf. fibuligera
GCA_029959195.1,1464785,Dictyophora rubrovolvata
GCA_020995425.1,907339,Cyberlindnera sargentensis
GCA_023657505.1,883000,Camelina hispida
GCA_947846245.1,55710,Cerastoderma edule
GCA_902810595.1,861768,Coregonus sp. 'balchen'
GCA_900257145.2,720590,Plasmodium sp. DRC-Itaito
GCA_032401905.1,43891,Swietenia macrophylla
GCA_910596185.1,1478180,Chrysanthemum makinoi
GCA_949927565.1,75948,Lactuca saligna
GCA_032402905.1,587579,Khaya senegalensis
GCA_907164505.1,83762,Acomys kempi
GCF_000219625.1,336722,Zymoseptoria tritici IPO323
GCA_000149225.2,226302,Lachancea kluyveri NRRL Y-12651
GCF_000187245.1,871575,Ogataea parapolymorpha DL-1
GCA_006352305.1,2591691,Cryptococcus floricola
GCA_022605425.2,1176355,Hamiltosporidium tvaerminnensis
GCA_030295235.1,1519565,Fistulifera solaris
GCA_900074725.1,1072105,Lachancea dasiensis
GCF_000236905.1,1071381,Tetrapisispora phaffii CBS 4417
GCA_900074755.1,1266666,Lachancea nothofagi CBS 11611
GCA_900074715.1,1266667,Lachancea meyersii CBS 8951
GCA_029876055.1,1157608,Madurella fahalii
GCF_015227675.2,10116,Rattus norvegicus
GCF_001433935.1,39947,Oryza sativa Japonica Group
GCF_000003025.6,9823,Sus scrofa
GCF_002263795.3,9913,Bos taurus
GCF_016699485.2,9031,Gallus gallus
GCF_902167145.1,4577,Zea mays
GCF_000188115.5,4081,Solanum lycopersicum
GCF_011100685.1,9615,Canis lupus familiaris
GCF_003254725.2,286419,Canis lupus dingo
GCF_018294505.1,4565,Triticum aestivum
GCF_003339765.1,9544,Macaca mulatta
GCF_000004515.6,3847,Glycine max
GCF_016772045.1,9940,Ovis aries
GCF_007990345.1,3635,Gossypium hirsutum
GCF_904849725.1,112509,Hordeum vulgare subsp. vulgare
GCF_020379485.1,3708,Brassica napus
GCF_017654675.1,8355,Xenopus laevis
GCF_001704415.2,9925,Capra hircus
GCF_003254395.2,7460,Apis mellifera
GCF_002863925.1,9796,Equus caballus
GCF_009806435.1,9986,Oryctolagus cuniculus
GCF_012559485.2,9541,Macaca fascicularis
GCF_013265735.2,8022,Oncorhynchus mykiss
GCF_000309985.2,3711,Brassica rapa
GCF_014905235.1,7091,Bombyx mori
GCF_002114115.1,3750,Malus domestica
GCF_000003195.3,4558,Sorghum bicolor
GCF_003473485.1,3880,Medicago truncatula
GCF_002204515.2,7159,Aedes aegypti
GCF_000002595.2,3055,Chlamydomonas reinhardtii
GCF_000004075.3,3659,Cucumis sativus
GCF_000002655.1,330879,Aspergillus fumigatus Af293
GCF_905237065.1,8030,Salmo salar
GCF_003086295.2,3818,Arachis hypogaea
GCF_000006565.2,508771,Toxoplasma gondii ME49
GCF_002878395.1,4072,Capsicum annuum
GCF_000346465.2,3760,Prunus persica
GCF_000182925.2,367110,Neurospora crassa OR74A
GCF_000499845.1,3885,Phaseolus vulgaris
GCF_015476345.1,8839,Anas platyrhynchos
GCF_001858045.2,8128,Oreochromis niloticus
GCF_000002495.2,242507,Pyricularia oryzae 70-15
GCF_000004195.4,8364,Xenopus tropicalis
GCF_000002445.2,185431,Trypanosoma brucei brucei TREU927
GCA_022537955.1,79327,Schmidtea mediterranea
GCF_000240135.3,229533,Fusarium graminearum PH-1
GCF_902806645.1,29159,Crassostrea gigas
GCF_000695525.1,109376,Brassica oleracea var. oleracea
GCF_025177605.1,3656,Cucumis melo
GCF_000005575.2,180454,Anopheles gambiae str. PEST
GCF_018350175.1,9685,Felis catus
GCF_023101765.2,7108,Spodoptera frugiperda
GCF_001659605.2,3983,Manihot esculenta
GCF_000002425.4,3218,Physcomitrium patens
GCF_000331145.1,3827,Cicer arietinum
GCF_000247795.1,9915,Bos indicus
GCF_011100555.1,9483,Callithrix jacchus
GCA_002525835.2,4120,Ipomoea batatas
GCF_016920845.1,481459,Gasterosteus aculeatus aculeatus
GCF_000005505.3,15368,Brachypodium distachyon
GCF_020631705.1,35525,Daphnia magna
GCF_002870075.4,4236,Lactuca sativa
GCF_000150955.2,556484,Phaeodactylum tricornutum CCAP 1055/1
GCF_000002775.5,3694,Populus trichocarpa
GCF_000237925.1,6183,Schistosoma mansoni
GCF_900626175.2,3483,Cannabis sativa
GCF_030052815.1,3981,Hevea brasiliensis
GCF_002127325.2,4232,Helianthus annuus
GCA_002915635.3,8296,Ambystoma mexicanum
GCF_000002335.3,7070,Tribolium castaneum
GCF_018340385.1,7962,Cyprinus carpio
GCF_019924925.1,7959,Ctenopharyngodon idella
GCA_019022445.1,3747,Fragaria x ananassa
GCF_024323335.1,3888,Pisum sativum
GCF_000313855.2,214687,Musa acuminata subsp. malaccensis
GCA_005887515.3,30521,Bos grunniens
GCF_000224145.3,7719,Ciona intestinalis
GCF_000184455.2,510516,Aspergillus oryzae RIB40
GCF_002742605.1,158386,Olea europaea var. sylvestris
GCF_000263155.2,4555,Setaria italica
GCF_003368295.1,7957,Carassius auratus
GCF_000004695.1,352472,Dictyostelium discoideum AX4
GCA_029034555.1,3654,Citrullus lanatus
GCF_011075055.1,29780,Mangifera indica
GCF_005508785.2,7029,Acyrthosiphon pisum
GCA_018703725.1,3707,Brassica juncea
GCF_932526225.1,45351,Nematostella vectensis
GCF_000442705.1,51953,Elaeis guineensis
GCF_000328475.2,237631,Ustilago maydis 521
GCF_003957565.2,59729,Taeniopygia guttata
GCF_000801105.2,3726,Raphanus sativus
GCA_009663005.1,3625,Actinidia chinensis
GCA_020205605.1,4054,Panax ginseng
GCF_023701775.1,29058,Helicoverpa armigera
GCA_025215515.1,6182,Schistosoma japonicum
GCF_024679095.1,95602,Eriocheir sinensis
GCA_020631735.1,4547,Saccharum officinarum
GCF_026745355.1,3555,Beta vulgaris subsp. vulgaris
GCF_016746395.2,7240,Drosophila simulans
GCF_932276165.1,51655,Plutella xylostella
GCF_000002415.2,5855,Plasmodium vivax
GCF_020796205.1,714518,Ziziphus jujuba var. spinosa
GCF_023373825.1,27457,Bactrocera dorsalis
GCA_019514585.1,142615,Dendrobium officinale
GCF_012489685.1,34305,Lotus japonicus
GCF_014356525.2,108931,Nilaparvata lugens
GCF_001577835.2,93934,Coturnix japonica
GCA_018997955.1,3634,Gossypium barbadense
GCF_000512975.1,4182,Sesamum indicum
GCF_028858775.1,9598,Pan troglodytes
GCF_900002375.2,5823,Plasmodium berghei ANKA
GCF_900880675.1,8175,Sparus aurata
GCF_022113875.1,6087,Hydra vulgaris
GCF_000972845.2,215358,Larimichthys crocea
GCF_022379125.1,52904,Scophthalmus maximus
GCF_025698485.1,29729,Gossypium arboreum
GCF_016808335.1,38727,Panicum virgatum
GCF_011064425.1,10117,Rattus rattus
GCF_902167405.1,8049,Gadus morhua
GCF_011125445.2,8078,Fundulus heteroclitus
GCA_025277285.1,29158,Mytilus galloprovincialis
GCA_026315105.1,7004,Locusta migratoria
GCA_030765085.1,4679,Allium cepa
GCF_003713225.1,13443,Coffea arabica
GCF_028751815.1,226208,Salvia miltiorrhiza
GCF_015228065.2,6687,Penaeus monodon
GCF_000184155.1,101020,Fragaria vesca subsp. vesca
GCA_023541355.1,4529,Oryza rufipogon
GCF_013347855.1,7936,Anguilla anguilla
GCA_016801055.1,44586,Panax notoginseng
GCF_027887165.1,13616,Monodelphis domestica
GCF_020424385.1,6728,Procambarus clarkii
GCF_008728515.1,9555,Papio anubis
GCF_004118075.2,3917,Vigna unguiculata
GCF_000002435.2,5741,Giardia intestinalis
GCF_001660625.3,7998,Ictalurus punctatus
GCF_009193385.2,7425,Nasonia vitripennis
GCF_007655135.1,22663,Punica granatum
GCF_022655615.1,1234273,Tachysurus fulvidraco
GCF_000208745.1,3641,Theobroma cacao
GCF_001723175.1,69781,Penicillium oxalicum
GCF_000741045.1,3916,Vigna radiata var. radiata
GCF_000149555.1,334819,Fusarium verticillioides 7600
GCF_019359855.1,4522,Lolium perenne
GCA_025169545.1,7937,Anguilla japonica
GCF_017591435.1,210409,Portunus trituberculatus
GCF_013339725.1,6941,Rhipicephalus microplus
GCA_015852605.2,3696,Populus deltoides
GCF_000340665.2,3821,Cajanus cajan
GCA_012066045.3,3498,Morus alba
GCF_001540865.1,4615,Ananas comosus
GCA_029852735.1,3435,Persea americana
GCF_013141755.1,30069,Anopheles stephensi
GCA_948472305.1,3906,Vicia faba
GCF_013753865.1,45264,Acropora millepora
GCF_016545825.1,71139,Eucalyptus grandis
GCF_000146605.3,9103,Meleagris gallopavo
GCF_000523025.1,244447,Cynoglossus semilaevis
GCA_014964335.1,4084,Solanum pimpinellifolium
GCF_019578655.1,3988,Ricinus communis
GCF_910591885.1,30195,Bombus terrestris
GCA_028777405.1,35925,Diospyros kaki
GCA_029641205.1,37334,Citrus maxima
GCF_001411555.2,51240,Juglans regia
GCA_022316695.1,385388,Camellia oleifera
GCF_009389715.1,42345,Phoenix dactylifera
GCA_018804465.1,118781,Populus tomentosa
GCA_002319775.1,62330,Fagopyrum tataricum
GCF_002575655.2,200361,Aegilops tauschii subsp. strangulata
GCF_023375975.1,7994,Astyanax mexicanus
GCA_027475355.1,365059,Coilia nasus
GCF_914767665.1,115357,Harmonia axyridis
GCF_002994745.2,74649,Rosa chinensis
GCF_005286985.1,4556,Setaria viridis
GCF_030272615.1,3369,Cryptomeria japonica
GCA_024713555.1,29656,Spirodela polyrhiza
GCF_020184175.1,80765,Aphis gossypii
GCF_016881025.1,43179,Ictidomys tridecemlineatus
GCF_016077325.2,9793,Equus asinus
GCF_020520425.1,3562,Spinacia oleracea
GCF_009870125.1,7237,Drosophila pseudoobscura
GCF_901001165.1,8032,Salmo trutta
GCF_000149405.2,296543,Thalassiosira pseudonana CCMP1335
GCF_016802725.1,13686,Solenopsis invicta
GCF_015732765.1,7176,Culex quinquefasciatus
GCA_017141395.1,195883,Laodelphax striatellus
GCF_001640805.2,8187,Lates calcarifer
GCF_000633955.1,90675,Camelina sativa
GCF_002922805.2,30732,Oryzias melastigma
GCF_002806865.2,3664,Cucurbita pepo subsp. pepo
GCF_000002875.2,435258,Leishmania infantum JPCM5
GCA_030763345.1,271217,Mythimna separata
GCF_932294415.1,38942,Quercus robur
GCA_018997905.1,215402,Channa argus
GCF_947242115.1,6526,Biomphalaria glabrata
GCA_024454175.1,3627,Actinidia deliciosa
GCF_018446385.1,94328,Zingiber officinale
GCF_018296145.1,74940,Oncorhynchus tshawytscha
GCF_001625215.1,79200,Daucus carota subsp. sativus
GCF_016801865.2,42434,Culex pipiens pallens
GCF_011762595.1,9739,Tursiops truncatus
GCF_901000725.2,31033,Takifugu rubripes
GCF_902201215.1,3755,Prunus dulcis
GCF_000004555.2,6238,Caenorhabditis briggsae
GCA_030324255.1,4784,Phytophthora capsici
GCA_026413185.1,3893,Pueraria montana var. lobata
GCF_003704035.1,230844,Peromyscus maniculatus bairdii
GCF_000165345.1,353152,Cryptosporidium parvum Iowa II
GCF_017639315.1,7217,Drosophila ananassae
GCA_002895445.3,4540,Panicum miliaceum
GCF_028641065.1,7782,Leucoraja erinacea
GCF_002021735.2,8019,Oncorhynchus kisutch
GCF_002706865.2,69820,Spodoptera litura
GCF_000633615.1,8081,Poecilia reticulata
GCF_000346735.1,102107,Prunus mume
GCA_022817975.1,13095,Hypophthalmichthys molitrix
GCF_021901695.1,168172,Puccinia striiformis f. sp. tritici
GCF_004115265.2,59479,Rhinolophus ferrumequinum
GCA_902850365.2,168631,Chilo suppressalis
GCA_902829305.4,7107,Spodoptera exigua
GCA_023029165.1,143606,Gobiocypris rarus
GCA_016647705.1,4392,Eucommia ulmoides
GCF_022985175.1,84645,Labeo rohita
GCA_029721355.1,220873,Tegillarca granosa
GCA_009829735.1,2788,Neopyropia yezoensis
GCF_002007445.2,9646,Ailuropoda melanoleuca
GCF_000090745.2,28377,Anolis carolinensis
GCA_030737875.1,4682,Allium sativum
GCF_028554725.1,28588,Zeugodacus cucurbitae
GCF_018687715.1,32201,Carya illinoinensis
GCA_019925145.1,7965,Hypophthalmichthys nobilis
GCF_016746365.2,7245,Drosophila yakuba
GCF_018812025.1,75352,Megalobrama amblycephala
GCF_010993605.1,7757,Petromyzon marinus
GCF_003573695.1,3469,Papaver somniferum
GCA_020226455.1,88123,Prunus salicina
GCA_021464415.1,105884,Lonicera japonica
GCA_018350135.1,37690,Citrus trifoliata
GCF_003073045.1,400727,Pomacea canaliculata
GCA_003430845.1,99658,Xanthoceras sorbifolium
GCA_009761775.1,3494,Ficus carica
GCF_014839805.1,7130,Manduca sexta
GCF_001876935.1,4686,Asparagus officinalis
GCA_009805545.1,4528,Oryza longistaminata
GCF_016808095.1,3914,Vigna angularis
GCF_018350195.1,9694,Panthera tigris
GCA_018132145.1,396368,Boehmeria nivea var. tenacissima
GCA_031216445.1,315492,Lateolabrax maculatus
GCF_000147395.1,4538,Oryza glaberrima
GCA_023091065.1,3570,Dianthus caryophyllus
GCF_027358585.1,310915,Pangasianodon hypophthalmus
GCF_963082965.1,217509,Carassius carassius
GCA_951802175.1,3691,Populus nigra
GCF_004193775.1,3848,Glycine soja
GCA_025999795.1,5098,Monascus purpureus
GCF_013340165.1,28584,Drosophila suzukii
GCA_019175385.1,112863,Lycium barbarum
GCA_004210375.1,6853,Tachypleus tridentatus
GCA_016771965.1,52824,Brassica carinata
GCA_007844125.1,98310,Sinonovacula constricta
GCA_020205615.1,44588,Panax quinquefolius
GCA_013339765.2,44386,Haemaphysalis longicornis
GCF_000803125.2,9838,Camelus dromedarius
GCA_024364805.1,6613,Euprymna scolopes
GCA_032191425.1,13123,Lymantria dispar
GCF_009731565.1,278856,Danaus plexippus plexippus
GCF_026262505.1,412133,Trichomonas vaginalis G3
GCF_020171115.1,452646,Neogale vison
GCF_028408465.1,28586,Anastrepha ludens
GCF_902635505.1,9305,Sarcophilus harrisii
GCF_003369695.1,30522,Bos indicus x Bos taurus
GCF_943734745.1,43151,Anopheles darlingi
GCF_905115235.1,343691,Hermetia illucens
GCA_028372415.1,9315,Notamacropus eugenii
GCF_020283565.1,57577,Trifolium pratense
GCF_900634795.4,158456,Betta splendens
GCA_020310875.1,49495,Ceratopteris richardii
GCA_019395295.1,93977,Osmanthus fragrans
GCF_019176455.1,28829,Solea senegalensis
GCF_947172395.1,110368,Bicyclus anynana
GCA_023846275.1,51239,Vanilla planifolia
GCF_003590095.1,7111,Trichoplusia ni
GCA_014218235.1,4460,Colocasia esculenta
GCA_016071775.1,103351,Vitis amurensis
GCF_026875155.1,27406,Cherax quadricarinatus
GCF_000317375.1,79684,Microtus ochrogaster
GCA_020233015.1,6763,Callinectes sapidus
GCF_004355905.1,148305,Pyricularia grisea
GCF_013100865.1,31138,Trachemys scripta elegans
GCF_029281585.1,9595,Gorilla gorilla gorilla
GCA_019009955.1,329032,Riptortus pedestris
GCA_026652325.1,8319,Pleurodeles waltl
GCF_015237465.2,8469,Chelonia mydas
GCF_020085105.1,119488,Siniperca chuatsi
GCA_917627325.4,315576,Chironomus riparius
GCF_025698545.1,29730,Gossypium raimondii
GCA_016432845.1,120290,Psidium guajava
GCF_030445035.1,9361,Dasypus novemcinctus
GCF_905147795.1,64459,Pieris rapae
GCA_022984855.1,128017,Dimocarpus longan
GCF_009819705.1,8267,Hippoglossus hippoglossus
GCF_018143015.1,7654,Lytechinus variegatus
GCF_004664715.2,10041,Peromyscus leucopus
GCA_030145905.1,266767,Populus davidiana
GCA_015776775.1,298176,Crassostrea hongkongensis
GCA_017141385.1,113103,Sogatella furcifera
GCF_020615455.1,59861,Coregonus clupeaformis
GCA_007844245.1,436086,Pyrus betulifolia
GCF_013339695.2,34632,Rhipicephalus sanguineus
GCA_019925275.1,6550,Mytilus edulis
GCF_006149115.2,8023,Oncorhynchus nerka
GCA_003952965.2,262757,Morella rubra
GCF_001865875.1,3871,Lupinus angustifolius
GCA_018104995.1,8855,Cairina moschata
GCF_900496995.4,223781,Aquila chrysaetos chrysaetos
GCF_000165395.2,484906,Babesia bovis T2Bo
GCA_030737815.1,35875,Allium fistulosum
GCF_030867095.1,8496,Alligator mississippiensis
GCF_943734845.2,62324,Anopheles funestus
GCA_000576495.2,40148,Oryza glumipatula
GCF_023375685.1,66913,Ictalurus furcatus
GCF_004115215.2,9258,Ornithorhynchus anatinus
GCF_011397635.1,293821,Epinephelus fuscoguttatus
GCA_030014155.1,175792,Tachysurus vachellii
GCF_022539315.1,9135,Serinus canaria
GCA_030254885.1,103349,Vitis rotundifolia
GCA_002890555.2,3668,Lagenaria siceraria
GCA_030142095.1,32247,Rubus idaeus
GCA_013433145.1,6253,Ascaris suum
GCA_014673565.1,214486,Sebastes schlegelii
GCA_907165135.1,34765,Oikopleura dioica
GCA_020875875.1,55571,Dioscorea alata
GCF_010015445.1,8168,Perca fluviatilis
GCF_027580225.1,75329,Misgurnus anguillicaudatus
GCA_023078555.1,3117,Ulva prolifera
GCA_024047395.1,48490,Fusarium circinatum
GCA_022539455.1,94219,Dendrobium nobile
GCA_016624345.1,94286,Platycodon grandiflorus
GCA_028984105.1,39329,Lavandula angustifolia
GCF_902652985.1,6579,Pecten maximus
GCF_029448725.1,8038,Salvelinus fontinalis
GCA_927797965.1,7740,Branchiostoma lanceolatum
GCA_010577795.1,161756,Isatis tinctoria
GCA_032207245.1,330961,Pardosa pseudoannulata
GCA_005771605.1,65409,Scutellaria baicalensis
GCA_009905375.1,4045,Apium graveolens
GCA_019097785.1,38873,Fraxinus excelsior
GCA_022457205.1,62335,Saccharum spontaneum
GCF_003073215.2,4572,Triticum urartu
GCA_014183145.1,76340,Sciaenops ocellatus
GCF_009727055.1,102211,Benincasa hispida
GCF_001649575.2,37003,Kryptolebias marmoratus
GCF_002162155.2,85692,Triticum dicoccoides
GCF_007210705.1,6832,Tigriopus californicus
GCF_023065955.2,9644,Ursus arctos
GCA_019155195.1,82927,Avicennia marina
GCA_016760335.1,91201,Gastrodia elata
GCA_011800155.1,38945,Flammulina velutipes
GCF_024166365.1,99487,Elephas maximus indicus
GCF_000165365.1,333668,Theileria parva strain Muguga
GCA_949782905.1,228257,Rangifer tarandus platyrhyncus
GCA_029890205.1,10068,Acomys cahirinus
GCA_958298935.1,29695,Phragmites australis
GCA_026874595.1,6446,Sipunculus nudus
GCA_023653625.1,139772,Triadica sebifera
GCA_000576065.2,4536,Oryza nivara
GCA_032199755.1,4212,Ambrosia artemisiifolia
GCF_003369915.1,7229,Drosophila miranda
GCF_022581195.2,7113,Helicoverpa zea
GCA_023525715.1,13427,Cichorium intybus
GCA_009771035.1,3870,Lupinus albus
GCA_023678885.1,28511,Pogostemon cablin
GCA_022749755.1,124943,Azadirachta indica
GCF_007565055.1,61622,Rhinopithecus roxellana
GCA_030545235.1,4233,Helianthus tuberosus
GCA_028015215.1,182084,Gynostemma pentaphyllum
GCA_000180635.4,54126,Pristionchus pacificus
GCF_004354835.1,8167,Perca flavescens
GCA_000757645.3,34508,Steinernema carpocapsae
GCA_013433165.1,39966,Hypsizygus marmoreus
GCA_023375725.1,94400,Nephotettix cincticeps
GCA_019776745.2,29808,Taxus chinensis
GCA_020536085.1,55974,Acropora hyacinthus
GCF_902713615.1,7830,Scyliorhinus canicula
GCF_019279795.1,7888,Protopterus annectens
GCA_009363875.1,192012,Mikania micrantha
GCA_013103745.1,114476,Gardenia jasminoides
GCA_029964075.1,7594,Patiria pectinifera
GCF_004353265.1,96939,Vitis riparia
GCA_028554795.1,165450,Sinohyriopsis cumingii
GCA_024516035.1,290155,Bactericera cockerelli
GCA_028274465.1,185002,Plantago ovata
GCF_005281545.1,310571,Epinephelus lanceolatus
GCF_001522545.3,9157,Parus major
GCA_907173295.1,28930,Fagus sylvatica
GCF_001879085.1,49451,Nicotiana attenuata
GCF_000003815.2,7739,Branchiostoma floridae
GCF_001194135.2,37653,Octopus bimaculoides
GCF_910594005.1,9860,Cervus elaphus
GCF_023897955.1,7010,Schistocerca gregaria
GCF_000241765.5,8478,Chrysemys picta bellii
GCF_000209165.1,322104,Scheffersomyces stipitis CBS 6054
GCF_001531365.2,59895,Cynara cardunculus var. scolymus
GCF_000006355.2,5851,Plasmodium knowlesi strain H
GCF_000002845.2,420245,Leishmania braziliensis MHOM/BR/75/M2904
GCF_021130785.1,197043,Homalodisca vitripennis
GCF_028885625.1,9600,Pongo pygmaeus
GCF_028885655.1,9601,Pongo abelii
GCA_030378355.1,29674,Eleusine indica
GCF_016161935.1,260615,Mauremys reevesii
GCA_030770085.1,77588,Oryza coarctata
GCF_004382145.1,7226,Drosophila mauritiana
GCF_004382195.2,7238,Drosophila sechellia
GCF_015852505.1,9261,Tachyglossus aculeatus
GCF_943734685.1,1518534,Anopheles coluzzii
GCF_921293095.1,197161,Ischnura elegans
GCA_023509865.1,273928,Trypoxylus dichotomus
GCA_030347555.1,35936,Lablab purpureus
GCF_900964775.1,113540,Scleropages formosus
GCA_017139565.1,3670,Luffa aegyptiaca
GCF_027563975.1,58824,Plodia interpunctella
GCF_905220365.1,171605,Vanessa cardui
GCA_028554685.1,56364,Agrotis ipsilon
GCA_030686995.1,259893,Artemisia argyi
GCA_030272315.1,158149,Paspalum vaginatum
GCF_010183535.1,31234,Caenorhabditis remanei
GCA_004837865.1,52838,Musa balbisiana
GCA_007827005.2,295327,Populus simonii
GCF_013373865.1,307658,Monomorium pharaonis
GCA_017311375.1,42192,Mytilus coruscus
GCA_022559845.1,78372,Amorphophallus konjac
GCA_030979885.1,4521,Lolium multiflorum
GCF_008729295.1,160734,Plectropomus leopardus
GCA_003604175.2,79923,Clonorchis sinensis
GCA_009739505.2,248454,Apolygus lucorum
GCA_014182545.1,34317,Eucalyptus globulus
GCA_016618105.1,154293,Dendrobium huoshanense
GCA_014851415.1,437488,Cnaphalocrocis medinalis
GCA_009761765.1,483260,Phenacoccus solenopsis
GCF_001298625.1,1080349,Saccharomyces eubayanus
GCF_000817695.3,130453,Arachis duranensis
GCA_002216045.1,66713,Pinctada imbricata
GCA_028551475.1,3523,Casuarina equisetifolia
GCF_001672515.1,759273,Colletotrichum higginsianum IMI 349063
GCF_000303195.2,1028729,Fusarium pseudograminearum CS3096
GCA_009763385.1,1156411,Coix lacryma-jobi var. lacryma-jobi
GCF_027475565.1,32536,Acinonyx jubatus
GCA_023525745.1,4217,Arctium lappa
GCA_028021215.1,9764,Eschrichtius robustus
GCA_030867185.1,13708,Tagetes erecta
GCF_018345385.1,494514,Vulpes lagopus
GCF_914725855.1,8236,Thunnus albacares
GCF_030020395.1,143292,Manis pentadactyla
GCF_016920715.1,7173,Anopheles arabiensis
GCA_950023065.1,170843,Planococcus citri
GCF_011004845.1,8010,Esox lucius
GCA_911865555.2,13288,Thlaspi arvense
GCA_029582165.1,46147,Portulaca oleracea
GCF_018139145.2,33616,Gymnogyps californianus
GCA_000338895.3,40149,Oryza meridionalis
GCA_000182155.4,65489,Oryza barthii
GCA_029582065.1,6248,Strongyloides stercoralis
GCF_000231095.2,4533,Oryza brachyantha
GCF_024362695.1,13191,Pectinophora gossypiella
GCF_022682495.1,9430,Desmodus rotundus
GCF_905171775.1,8407,Rana temporaria
GCF_945859705.1,286459,Episyrphus balteatus
GCF_021347895.1,80966,Acanthochromis polyacanthus
GCA_013389735.1,3884,Phaseolus lunatus
GCF_016086655.3,72036,Lepeophtheirus salmonis
GCF_021234035.1,35523,Daphnia pulicaria
GCA_021292165.1,52224,Shinisaurus crocodilurus
GCF_947568905.1,37623,Ostrea edulis
GCA_017311315.1,257763,Dendrocalamus latiflorus
GCF_023373465.1,8018,Oncorhynchus keta
GCA_948470475.1,46745,Galaxea fascicularis
GCF_010389155.1,72917,Erigeron canadensis
GCA_017979445.1,155132,Akebia trifoliata
GCA_018466975.1,1202976,Sparassis latifolia
GCA_021234005.1,151071,Nephelium lappaceum
GCA_031163375.1,1133088,Conogethes punctiferalis
GCA_019321725.1,586722,Paulownia fortunei
GCF_022539595.1,80972,Amphiprion ocellaris
GCA_021764765.1,3908,Vicia sativa
GCA_018208015.1,70973,Medicago ruthenica
GCA_030340685.1,240822,Protosalanx chinensis
GCA_949361645.1,6055,Spongilla lacustris
GCA_018290095.1,319348,Polypedilum vanderplanki
GCF_023119035.1,49212,Salvia hispanica
GCF_021288785.2,9716,Mirounga angustirostris
GCA_003829775.2,40217,Junco hyemalis
GCA_900059795.1,49390,Coffea canephora
GCA_016801935.1,195632,Platichthys stellatus
GCA_912172775.2,56036,Fraxinus pennsylvanica
GCF_023634155.1,8954,Falco peregrinus
GCF_015227805.2,43150,Hirundo rustica
GCF_016509475.1,37029,Prionailurus bengalensis
GCA_030684275.1,40147,Acipenser oxyrinchus oxyrinchus
GCA_905067625.1,1689686,Blumeria graminis f. sp. triticale
GCF_029289425.1,9597,Pan paniscus
GCF_021730395.1,6596,Mercenaria mercenaria
GCA_029531755.1,206669,Holothuria leucospilota
GCA_025413875.1,49168,Rhododendron molle
GCF_947179165.1,45834,Solanum dulcamara
GCF_943734665.1,42839,Anopheles aquasalis
GCA_958450345.1,7373,Calliphora vicina
GCA_018361395.1,72658,Boechera stricta
GCF_029227915.1,13093,Hydractinia symbiolongicarpus
GCF_902362185.1,29144,Chanos chanos
GCF_023634085.1,345164,Falco cherrug
GCA_026413675.1,492479,Populus pruinosa
GCF_023653815.1,8467,Caretta caretta
GCF_020382885.2,75038,Scatophagus argus
GCF_027477595.1,30427,Haemorhous mexicanus
GCF_012275295.1,13146,Melopsittacus undulatus
GCA_028015205.1,2547956,Mytilisepta virgata
GCA_030549335.1,44947,Pontederia crassipes
GCA_020882235.1,13262,Schizaphis graminum
GCF_003957555.1,9244,Calypte anna
GCA_027405865.1,77065,Salix purpurea
GCF_006542625.1,61853,Nomascus leucogenys
GCF_030435755.1,9978,Ochotona princeps
GCF_019457755.1,32260,Venturia canescens
GCA_012070555.1,6280,Brugia pahangi
GCA_030549775.1,189791,Tamarix chinensis
GCF_018902025.1,7260,Drosophila willistoni
GCF_902713425.1,7906,Acipenser ruthenus
GCA_023638005.1,126418,Forsythia suspensa
GCF_013358815.1,8005,Electrophorus electricus
GCF_900324465.2,64144,Anabas testudineus
GCA_928085145.1,85310,Nezara viridula
GCA_028751855.1,4214,Ambrosia trifida
GCA_018555375.2,7938,Anguilla rostrata
GCA_019202805.1,45249,Arabidopsis suecica
GCF_009769545.1,8103,Cyclopterus lumpus
GCF_016835505.1,55291,Polypterus senegalus
GCA_014281875.1,240163,Nibea albiflora
GCF_013401445.1,458696,Tripterygium wilfordii
GCF_003672135.1,2015173,Ooceraea biroi
GCA_003047355.2,161767,Amphiprion percula
GCA_017562165.1,1530245,Ectropis grisescens
GCF_958295425.1,90069,Solea solea
GCF_014633365.1,55363,Diospyros lotus
GCA_006506795.2,91752,Hericium erinaceus
GCF_016432855.1,8040,Salvelinus namaycush
GCF_014858855.1,30331,Bufo gargarizans
GCF_001040885.1,34506,Strongyloides ratti
GCF_018492685.1,34773,Alosa sapidissima
GCA_019925795.1,161865,Dendrobium chrysotoxum
GCF_000238955.4,106582,Maylandia zebra
GCF_020536995.1,45954,Dreissena polymorpha
GCF_002211085.1,206008,Panicum hallii
GCF_900700415.2,7950,Clupea harengus
GCF_024763615.1,29031,Phlebotomus papatasi
GCF_019202785.1,139456,Penaeus chinensis
GCA_028751875.1,55521,Rapana venosa
GCF_021917145.1,137520,Hypomesus transpacificus
GCF_016617805.1,59916,Bactrocera tryoni
GCA_002900995.3,34458,Ganoderma boninense
GCA_023376005.1,1051067,Doryteuthis pealeii
GCF_002742065.1,122368,Cercospora beticola
GCA_018136815.1,37099,Isochrysis galbana
GCA_000753965.2,28502,Amaranthus hypochondriacus
GCA_010645155.1,158387,Tigriopus japonicus
GCA_001700915.1,48849,Passer domesticus
GCF_002837175.3,9755,Physeter catodon
GCF_004010195.1,36176,Chiloscyllium plagiosum
GCA_000310025.1,2880,Ectocarpus siliculosus
GCA_000978405.1,9923,Capra aegagrus
GCA_012654025.1,38123,Pachypsylla venusta
GCA_002993905.1,183675,Miscanthus sacchariflorus
GCA_020976825.1,9872,Odocoileus hemionus
GCA_014139745.1,5666,Leishmania tropica
GCF_001653235.2,1380566,Pochonia chlamydosporia 170
GCF_023159225.1,214514,Perognathus longimembris pacificus
GCA_028583565.1,230172,Ovis ammon polii
GCF_000234665.1,929439,Leishmania mexicana MHOM/GT/2001/U1103
GCA_016271365.2,7892,Neoceratodus forsteri
GCF_027943255.1,95512,Anastrepha obliqua
GCF_028583425.1,481883,Eublepharis macularius
GCF_018350215.1,9689,Panthera leo
GCF_905475395.1,189513,Chrysoperla carnea
GCA_022530915.1,147272,Paspalum notatum
GCF_937001465.1,9733,Orcinus orca
GCF_019703515.2,70543,Myxocyprinus asiaticus
GCF_024256425.1,13013,Clarias gariepinus
GCF_009762305.2,9704,Zalophus californianus
GCA_943736015.1,80833,Tridacna crocea
GCA_014839755.1,73324,Sylvia borin
GCF_902655055.1,9657,Lutra lutra
GCA_028830015.1,192399,Eucalyptus grandis x Eucalyptus urophylla
GCA_905187475.1,34682,Syritta pipiens
GCF_910596095.1,8240,Thunnus maccoyii
GCA_030435695.1,1115630,Brachymystax lenok tsinlingensis
GCF_013758885.1,7167,Anopheles albimanus
GCA_030345395.1,1501231,Prunus mongolica
GCF_905147105.1,7116,Pieris brassicae
GCA_021397845.1,184783,Areca catechu
GCF_017976375.1,55661,Cuculus canorus
GCF_000699445.3,6185,Schistosoma haematobium
GCA_031885435.1,161624,Passerculus sandwichensis
GCF_905163445.1,116150,Pararge aegeria
GCA_028389875.1,8795,Rhea pennata
GCF_014839835.1,118200,Dryobates pubescens
GCF_933775445.1,57926,Potentilla anserina
GCA_000573905.2,4537,Oryza punctata
GCA_013133815.1,304459,Cromileptes altivelis
GCF_929443795.1,8957,Accipiter gentilis
GCF_015220075.1,120794,Falco rusticolus
GCA_022606695.1,13750,Vaccinium macrocarpon
GCF_904848185.1,8177,Acanthopagrus latus
GCA_020882245.1,40932,Rhopalosiphum padi
GCA_022496805.1,140635,Pohlia nutans
GCF_008121235.1,7241,Drosophila subobscura
GCF_011762505.1,61156,Arvicanthis niloticus
GCA_027726005.1,13579,Juncus effusus
GCF_025612915.1,558553,Crassostrea angulata
GCA_024586325.1,142738,Stellera chamaejasme
GCA_921997135.2,10096,Mus spretus
GCA_010134655.1,64941,Fragaria nilgerrensis
GCF_002775205.1,8083,Xiphophorus maculatus
GCA_018466805.1,109274,Hippocampus abdominalis
GCA_021464625.1,322563,Proterorhinus semilunaris
GCA_028654395.1,396367,Scutellaria barbata
GCF_917208135.1,37344,Athalia rosae
GCF_008315115.2,283035,Sander lucioperca
GCA_024703715.1,52586,Erysiphe necator
GCF_017639515.1,13397,Carcharodon carcharias
GCA_918026875.4,40085,Diatraea saccharalis
GCF_026212275.2,69319,Microplitis demolitor
GCF_029873635.1,397392,Malania oleifera
GCF_009819885.2,91951,Catharus ustulatus
GCF_003711565.1,433684,Takifugu flavidus
